text,label
Tôi muốn học tiếng Anh,Nhu cầu học
Cách học tập hiệu quả là gì?,Học tập
Tôi cần học thiết kế đồ họa,Nhu cầu học
Mình thích vẽ tranh,Sở thích
Lộ trình học phù hợp cho bóng đá là gì?,Lộ trình học
Tôi cần học chơi guitar,Nhu cầu học
Mình thích Java,Sở thích
Mình thích hóa học,Sở thích
Lộ trình học lập trình như thế nào?,Lộ trình học
Tôi cần lộ trình học bóng đá,Lộ trình học
Sở thích của tôi là thiết kế đồ họa,Sở thích
Mình thích Java,Sở thích
Tôi muốn học vẽ tranh,Nhu cầu học
Mình thích tiếng Anh,Sở thích
Tôi muốn biết về tiếng Anh,Nhu cầu học
Mình thích hóa học,Sở thích
Tôi thích vật lý,Sở thích
Sở thích của tôi là vật lý,Sở thích
Tôi cần lộ trình học hóa học,Lộ trình học
Mình thích tiếng Anh,Sở thích
Lộ trình học phù hợp cho chơi guitar là gì?,Lộ trình học
Tôi muốn học hóa học,Nhu cầu học
Tôi muốn biết về Java,Nhu cầu học
Làm sao để học tốt hơn?,Học tập
Tôi muốn học vẽ tranh,Nhu cầu học
Làm sao để học tốt hơn?,Học tập
Lộ trình học phù hợp cho đọc sách là gì?,Lộ trình học
Lộ trình học Python như thế nào?,Lộ trình học
Tôi cần học tiếng Anh,Nhu cầu học
Lộ trình học phù hợp cho khoa học máy tính là gì?,Lộ trình học
Làm sao để học tốt hơn?,Học tập
Tôi muốn học tiếng Anh,Nhu cầu học
Tôi muốn biết về bóng đá,Nhu cầu học
Tôi thích khoa học máy tính,Sở thích
Lộ trình học vật lý như thế nào?,Lộ trình học
Sở thích của tôi là bóng đá,Sở thích
Mình muốn cải thiện kết quả học tập,Học tập
Tôi cần lộ trình học Java,Lộ trình học
Tôi muốn biết về Java,Nhu cầu học
Tôi muốn học Java,Nhu cầu học
Lộ trình học phù hợp cho thiết kế đồ họa là gì?,Lộ trình học
Cách học tập hiệu quả là gì?,Học tập
Mình muốn cải thiện kết quả học tập,Học tập
Mình thích bóng đá,Sở thích
Tôi muốn biết về tiếng Anh,Nhu cầu học
Mình thích chơi guitar,Sở thích
Cách học tập hiệu quả là gì?,Học tập
Sở thích của tôi là lập trình,Sở thích
Tôi muốn biết về bóng đá,Nhu cầu học
Tôi muốn biết về hóa học,Nhu cầu học
Tôi muốn biết về bóng đá,Nhu cầu học
Tôi muốn học hóa học,Nhu cầu học
Tôi thích chơi guitar,Sở thích
Tôi muốn học bóng đá,Nhu cầu học
Mình muốn cải thiện kết quả học tập,Học tập
Tôi muốn học vật lý,Nhu cầu học
Mình thích khoa học máy tính,Sở thích
Mình thích Python,Sở thích
Lộ trình học Java như thế nào?,Lộ trình học
Lộ trình học phù hợp cho tiếng Anh là gì?,Lộ trình học
Tôi cần lộ trình học vẽ tranh,Lộ trình học
Tôi cần lộ trình học tiếng Anh,Lộ trình học
Lộ trình học bóng đá như thế nào?,Lộ trình học
Lộ trình học Python như thế nào?,Lộ trình học
Mình thích tiếng Anh,Sở thích
Lộ trình học phù hợp cho vẽ tranh là gì?,Lộ trình học
Tôi cần học bóng đá,Nhu cầu học
Tôi thích đọc sách,Sở thích
Mình muốn cải thiện kết quả học tập,Học tập
Cách học tập hiệu quả là gì?,Học tập
Sở thích của tôi là đọc sách,Sở thích
Mình thích hóa học,Sở thích
Cách học tập hiệu quả là gì?,Học tập
Làm sao để học tốt hơn?,Học tập
Tôi thích Java,Sở thích
Tôi thích bóng đá,Sở thích
Mình muốn cải thiện kết quả học tập,Học tập
Mình thích chơi guitar,Sở thích
Tôi cần lộ trình học thiết kế đồ họa,Lộ trình học
Lộ trình học vẽ tranh như thế nào?,Lộ trình học
Tôi thích hóa học,Sở thích
Mình thích vẽ tranh,Sở thích
Sở thích của tôi là Java,Sở thích
Tôi muốn biết về lập trình,Nhu cầu học
Tôi thích bóng đá,Sở thích
Mình muốn cải thiện kết quả học tập,Học tập
Cách học tập hiệu quả là gì?,Học tập
Lộ trình học phù hợp cho vật lý là gì?,Lộ trình học
Mình thích bóng đá,Sở thích
Sở thích của tôi là thiết kế đồ họa,Sở thích
Tôi thích vật lý,Sở thích
Tôi thích lập trình,Sở thích
Mình thích Java,Sở thích
Sở thích của tôi là Python,Sở thích
Lộ trình học phù hợp cho khoa học máy tính là gì?,Lộ trình học
Tôi cần lộ trình học vẽ tranh,Lộ trình học
Tôi thích Python,Sở thích
Tôi muốn học chơi guitar,Nhu cầu học
Tôi muốn học tiếng Anh,Nhu cầu học
Mình muốn cải thiện kết quả học tập,Học tập
Tôi cần lộ trình học thiết kế đồ họa,Lộ trình học
Tôi cần lộ trình học Java,Lộ trình học
Tôi thích đọc sách,Sở thích
Sở thích của tôi là chơi guitar,Sở thích
Tôi cần học vẽ tranh,Nhu cầu học
Tôi muốn học vẽ tranh,Nhu cầu học
Tôi thích lập trình,Sở thích
Lộ trình học phù hợp cho đọc sách là gì?,Lộ trình học
Tôi cần lộ trình học lập trình,Lộ trình học
Tôi cần học hóa học,Nhu cầu học
Tôi muốn biết về Java,Nhu cầu học
Tôi thích thiết kế đồ họa,Sở thích
Lộ trình học phù hợp cho đọc sách là gì?,Lộ trình học
Mình muốn cải thiện kết quả học tập,Học tập
Tôi cần học hóa học,Nhu cầu học
Lộ trình học phù hợp cho vật lý là gì?,Lộ trình học
Lộ trình học tiếng Anh như thế nào?,Lộ trình học
Tôi cần học hóa học,Nhu cầu học
Lộ trình học phù hợp cho hóa học là gì?,Lộ trình học
Cách học tập hiệu quả là gì?,Học tập
Lộ trình học đọc sách như thế nào?,Lộ trình học
Tôi cần lộ trình học Java,Lộ trình học
Tôi cần lộ trình học vật lý,Lộ trình học
Cách học tập hiệu quả là gì?,Học tập
Mình muốn cải thiện kết quả học tập,Học tập
Tôi cần học khoa học máy tính,Nhu cầu học
Tôi cần học bóng đá,Nhu cầu học
Lộ trình học tiếng Anh như thế nào?,Lộ trình học
Lộ trình học lập trình như thế nào?,Lộ trình học
Tôi thích thiết kế đồ họa,Sở thích
Làm sao để học tốt hơn?,Học tập
Tôi muốn biết về khoa học máy tính,Nhu cầu học
Tôi cần lộ trình học vẽ tranh,Lộ trình học
Lộ trình học phù hợp cho lập trình là gì?,Lộ trình học
Tôi cần học chơi guitar,Nhu cầu học
Làm sao để học tốt hơn?,Học tập
Sở thích của tôi là đọc sách,Sở thích
Sở thích của tôi là Python,Sở thích
Tôi muốn học vẽ tranh,Nhu cầu học
Mình thích đọc sách,Sở thích
Tôi muốn biết về chơi guitar,Nhu cầu học
Lộ trình học đọc sách như thế nào?,Lộ trình học
Tôi thích Java,Sở thích
Làm sao để học tốt hơn?,Học tập
Mình thích vẽ tranh,Sở thích
Tôi cần học chơi guitar,Nhu cầu học
Lộ trình học chơi guitar như thế nào?,Lộ trình học
Mình thích vẽ tranh,Sở thích
Mình muốn cải thiện kết quả học tập,Học tập
Làm sao để học tốt hơn?,Học tập
Tôi cần lộ trình học Java,Lộ trình học
Làm sao để học tốt hơn?,Học tập
Lộ trình học tiếng Anh như thế nào?,Lộ trình học
Lộ trình học hóa học như thế nào?,Lộ trình học
Tôi thích chơi guitar,Sở thích
Tôi cần lộ trình học thiết kế đồ họa,Lộ trình học
Làm sao để học tốt hơn?,Học tập
Cách học tập hiệu quả là gì?,Học tập
Mình thích thiết kế đồ họa,Sở thích
Lộ trình học tiếng Anh như thế nào?,Lộ trình học
Tôi cần lộ trình học hóa học,Lộ trình học
Cách học tập hiệu quả là gì?,Học tập
Mình muốn cải thiện kết quả học tập,Học tập
Lộ trình học phù hợp cho thiết kế đồ họa là gì?,Lộ trình học
Tôi cần lộ trình học vẽ tranh,Lộ trình học
Tôi muốn biết về tiếng Anh,Nhu cầu học
Mình muốn cải thiện kết quả học tập,Học tập
Tôi muốn biết về bóng đá,Nhu cầu học
Tôi muốn học đọc sách,Nhu cầu học
Mình thích đọc sách,Sở thích
Lộ trình học phù hợp cho Java là gì?,Lộ trình học
Làm sao để học tốt hơn?,Học tập
Lộ trình học Java như thế nào?,Lộ trình học
Tôi muốn học Java,Nhu cầu học
Tôi muốn học hóa học,Nhu cầu học
Mình muốn cải thiện kết quả học tập,Học tập
Mình muốn cải thiện kết quả học tập,Học tập
Lộ trình học phù hợp cho chơi guitar là gì?,Lộ trình học
Mình muốn cải thiện kết quả học tập,Học tập
Làm sao để học tốt hơn?,Học tập
Tôi thích vẽ tranh,Sở thích
Tôi thích vật lý,Sở thích
Mình thích chơi guitar,Sở thích
Tôi cần học đọc sách,Nhu cầu học
Sở thích của tôi là hóa học,Sở thích
Cách học tập hiệu quả là gì?,Học tập
Mình muốn cải thiện kết quả học tập,Học tập
Tôi cần lộ trình học vật lý,Lộ trình học
Lộ trình học phù hợp cho khoa học máy tính là gì?,Lộ trình học
Cách học tập hiệu quả là gì?,Học tập
Mình thích vẽ tranh,Sở thích
Sở thích của tôi là hóa học,Sở thích
Tôi cần học tiếng Anh,Nhu cầu học
Mình thích vật lý,Sở thích
Tôi thích lập trình,Sở thích
Sở thích của tôi là vẽ tranh,Sở thích
Tôi muốn học hóa học,Nhu cầu học
Tôi thích chơi guitar,Sở thích
Làm sao để học tốt hơn?,Học tập
Tôi muốn học bóng đá,Nhu cầu học
Lộ trình học vẽ tranh như thế nào?,Lộ trình học
Tôi cần lộ trình học bóng đá,Lộ trình học
Tôi thích chơi guitar,Sở thích
Làm sao để học tốt hơn?,Học tập
Cách học tập hiệu quả là gì?,Học tập
Mình muốn cải thiện kết quả học tập,Học tập
Lộ trình học phù hợp cho đọc sách là gì?,Lộ trình học
Sở thích của tôi là thiết kế đồ họa,Sở thích
Tôi muốn học hóa học,Nhu cầu học
Cách học tập hiệu quả là gì?,Học tập
Làm sao để học tốt hơn?,Học tập
Cách học tập hiệu quả là gì?,Học tập
Tôi cần học chơi guitar,Nhu cầu học
Sở thích của tôi là vật lý,Sở thích
Tôi muốn học Python,Nhu cầu học
Cách học tập hiệu quả là gì?,Học tập
Mình thích chơi guitar,Sở thích
Cách học tập hiệu quả là gì?,Học tập
Tôi cần lộ trình học đọc sách,Lộ trình học
Lộ trình học hóa học như thế nào?,Lộ trình học
Tôi thích đọc sách,Sở thích
Lộ trình học khoa học máy tính như thế nào?,Lộ trình học
Tôi cần học tiếng Anh,Nhu cầu học
Tôi thích đọc sách,Sở thích
Mình muốn cải thiện kết quả học tập,Học tập
Tôi cần lộ trình học khoa học máy tính,Lộ trình học
Sở thích của tôi là Python,Sở thích
Tôi thích chơi guitar,Sở thích
Tôi cần học tiếng Anh,Nhu cầu học
Lộ trình học tiếng Anh như thế nào?,Lộ trình học
Mình thích lập trình,Sở thích
Cách học tập hiệu quả là gì?,Học tập
Cách học tập hiệu quả là gì?,Học tập
Mình thích Python,Sở thích
Mình muốn cải thiện kết quả học tập,Học tập
Làm sao để học tốt hơn?,Học tập
Tôi cần lộ trình học vật lý,Lộ trình học
Sở thích của tôi là Python,Sở thích
Làm sao để học tốt hơn?,Học tập
Làm sao để học tốt hơn?,Học tập
Mình thích lập trình,Sở thích
Tôi muốn biết về lập trình,Nhu cầu học
Lộ trình học Python như thế nào?,Lộ trình học
Tôi muốn học khoa học máy tính,Nhu cầu học
Cách học tập hiệu quả là gì?,Học tập
Cách học tập hiệu quả là gì?,Học tập
Sở thích của tôi là Java,Sở thích
Làm sao để học tốt hơn?,Học tập
Mình thích Java,Sở thích
Tôi cần lộ trình học chơi guitar,Lộ trình học
Lộ trình học đọc sách như thế nào?,Lộ trình học
Tôi muốn học Python,Nhu cầu học
Sở thích của tôi là Python,Sở thích
Mình muốn cải thiện kết quả học tập,Học tập
Tôi muốn biết về tiếng Anh,Nhu cầu học
Tôi muốn học hóa học,Nhu cầu học
Tôi cần học Java,Nhu cầu học
Cách học tập hiệu quả là gì?,Học tập
Mình thích hóa học,Sở thích
Sở thích của tôi là đọc sách,Sở thích
Làm sao để học tốt hơn?,Học tập
Mình muốn cải thiện kết quả học tập,Học tập
Làm sao để học tốt hơn?,Học tập
Tôi thích vật lý,Sở thích
Tôi muốn học chơi guitar,Nhu cầu học
Sở thích của tôi là khoa học máy tính,Sở thích
Tôi muốn biết về vật lý,Nhu cầu học
Tôi muốn biết về khoa học máy tính,Nhu cầu học
Tôi muốn biết về tiếng Anh,Nhu cầu học
Tôi muốn học lập trình,Nhu cầu học
Cách học tập hiệu quả là gì?,Học tập
Lộ trình học bóng đá như thế nào?,Lộ trình học
Mình thích hóa học,Sở thích
Tôi muốn biết về vẽ tranh,Nhu cầu học
Mình thích hóa học,Sở thích
Cách học tập hiệu quả là gì?,Học tập
Làm sao để học tốt hơn?,Học tập
Tôi thích đọc sách,Sở thích
Tôi cần lộ trình học khoa học máy tính,Lộ trình học
Tôi muốn biết về tiếng Anh,Nhu cầu học
Cách học tập hiệu quả là gì?,Học tập
Làm sao để học tốt hơn?,Học tập
Tôi thích Java,Sở thích
Cách học tập hiệu quả là gì?,Học tập
Lộ trình học Python như thế nào?,Lộ trình học
Lộ trình học phù hợp cho vật lý là gì?,Lộ trình học
Cách học tập hiệu quả là gì?,Học tập
Mình muốn cải thiện kết quả học tập,Học tập
Cách học tập hiệu quả là gì?,Học tập
Mình thích Java,Sở thích
Làm sao để học tốt hơn?,Học tập
Tôi cần lộ trình học Python,Lộ trình học
Tôi muốn biết về thiết kế đồ họa,Nhu cầu học
Lộ trình học phù hợp cho lập trình là gì?,Lộ trình học
Tôi muốn biết về tiếng Anh,Nhu cầu học
Mình muốn cải thiện kết quả học tập,Học tập
Lộ trình học phù hợp cho đọc sách là gì?,Lộ trình học
Sở thích của tôi là đọc sách,Sở thích
Tôi thích đọc sách,Sở thích
Lộ trình học phù hợp cho khoa học máy tính là gì?,Lộ trình học
Tôi cần học tiếng Anh,Nhu cầu học
Làm sao để học tốt hơn?,Học tập
Tôi cần học Java,Nhu cầu học
Tôi muốn học bóng đá,Nhu cầu học
Cách học tập hiệu quả là gì?,Học tập
Sở thích của tôi là Python,Sở thích
Tôi cần lộ trình học vật lý,Lộ trình học
Tôi muốn học tiếng Anh,Nhu cầu học
Sở thích của tôi là lập trình,Sở thích
Tôi thích lập trình,Sở thích
Mình thích vẽ tranh,Sở thích
Lộ trình học phù hợp cho Python là gì?,Lộ trình học
Làm sao để học tốt hơn?,Học tập
Cách học tập hiệu quả là gì?,Học tập
Tôi muốn biết về chơi guitar,Nhu cầu học
Làm sao để học tốt hơn?,Học tập
Mình thích Java,Sở thích
Tôi muốn học đọc sách,Nhu cầu học
Tôi muốn biết về lập trình,Nhu cầu học
Tôi cần học khoa học máy tính,Nhu cầu học
Làm sao để học tốt hơn?,Học tập
Mình muốn cải thiện kết quả học tập,Học tập
Tôi muốn biết về lập trình,Nhu cầu học
Lộ trình học phù hợp cho vẽ tranh là gì?,Lộ trình học
Tôi cần học vật lý,Nhu cầu học
Tôi thích hóa học,Sở thích
Tôi cần học vật lý,Nhu cầu học
Cách học tập hiệu quả là gì?,Học tập
Cách học tập hiệu quả là gì?,Học tập
Cách học tập hiệu quả là gì?,Học tập
Mình muốn cải thiện kết quả học tập,Học tập
Làm sao để học tốt hơn?,Học tập
Mình muốn cải thiện kết quả học tập,Học tập
Cách học tập hiệu quả là gì?,Học tập
Tôi cần lộ trình học hóa học,Lộ trình học
Lộ trình học phù hợp cho tiếng Anh là gì?,Lộ trình học
Lộ trình học vẽ tranh như thế nào?,Lộ trình học
Lộ trình học phù hợp cho chơi guitar là gì?,Lộ trình học
Sở thích của tôi là chơi guitar,Sở thích
Mình thích vẽ tranh,Sở thích
Làm sao để học tốt hơn?,Học tập
Làm sao để học tốt hơn?,Học tập
Sở thích của tôi là Java,Sở thích
Làm sao để học tốt hơn?,Học tập
Tôi thích khoa học máy tính,Sở thích
Tôi muốn học Java,Nhu cầu học
Lộ trình học thiết kế đồ họa như thế nào?,Lộ trình học
Tôi muốn học tiếng Anh,Nhu cầu học
Tôi cần lộ trình học lập trình,Lộ trình học
Cách học tập hiệu quả là gì?,Học tập
Sở thích của tôi là hóa học,Sở thích
Tôi cần học tiếng Anh,Nhu cầu học
Tôi thích lập trình,Sở thích
Tôi cần học đọc sách,Nhu cầu học
Tôi thích đọc sách,Sở thích
Lộ trình học bóng đá như thế nào?,Lộ trình học
Tôi muốn học khoa học máy tính,Nhu cầu học
Lộ trình học Python như thế nào?,Lộ trình học
Cách học tập hiệu quả là gì?,Học tập
Tôi muốn biết về vật lý,Nhu cầu học
Làm sao để học tốt hơn?,Học tập
Mình thích lập trình,Sở thích
Tôi cần học bóng đá,Nhu cầu học
Mình muốn cải thiện kết quả học tập,Học tập
Lộ trình học vật lý như thế nào?,Lộ trình học
Làm sao để học tốt hơn?,Học tập
Mình muốn cải thiện kết quả học tập,Học tập
Cách học tập hiệu quả là gì?,Học tập
Tôi cần học Java,Nhu cầu học
Mình muốn cải thiện kết quả học tập,Học tập
Lộ trình học phù hợp cho thiết kế đồ họa là gì?,Lộ trình học
Mình muốn cải thiện kết quả học tập,Học tập
Làm sao để học tốt hơn?,Học tập
Làm sao để học tốt hơn?,Học tập
Tôi muốn học khoa học máy tính,Nhu cầu học
Lộ trình học phù hợp cho Java là gì?,Lộ trình học
Mình muốn cải thiện kết quả học tập,Học tập
Lộ trình học Python như thế nào?,Lộ trình học
Tôi muốn học hóa học,Nhu cầu học
Sở thích của tôi là đọc sách,Sở thích
Mình thích bóng đá,Sở thích
Lộ trình học phù hợp cho tiếng Anh là gì?,Lộ trình học
Tôi muốn biết về tiếng Anh,Nhu cầu học
Cách học tập hiệu quả là gì?,Học tập
Lộ trình học phù hợp cho tiếng Anh là gì?,Lộ trình học
Mình thích bóng đá,Sở thích
Cách học tập hiệu quả là gì?,Học tập
Tôi cần lộ trình học vẽ tranh,Lộ trình học
Lộ trình học phù hợp cho bóng đá là gì?,Lộ trình học
Lộ trình học phù hợp cho khoa học máy tính là gì?,Lộ trình học
Tôi thích lập trình,Sở thích
Mình muốn cải thiện kết quả học tập,Học tập
Cách học tập hiệu quả là gì?,Học tập
Làm sao để học tốt hơn?,Học tập
Mình thích Java,Sở thích
Lộ trình học phù hợp cho Python là gì?,Lộ trình học
Lộ trình học phù hợp cho bóng đá là gì?,Lộ trình học
Mình muốn cải thiện kết quả học tập,Học tập
Tôi cần lộ trình học Java,Lộ trình học
Mình muốn cải thiện kết quả học tập,Học tập
Tôi muốn biết về hóa học,Nhu cầu học
Làm sao để học tốt hơn?,Học tập
Làm sao để học tốt hơn?,Học tập
Mình muốn cải thiện kết quả học tập,Học tập
Làm sao để học tốt hơn?,Học tập
Mình muốn cải thiện kết quả học tập,Học tập
Cách học tập hiệu quả là gì?,Học tập
Tôi cần học chơi guitar,Nhu cầu học
Sở thích của tôi là vẽ tranh,Sở thích
Tôi cần lộ trình học tiếng Anh,Lộ trình học
Mình thích bóng đá,Sở thích
Làm sao để học tốt hơn?,Học tập
Tôi cần lộ trình học thiết kế đồ họa,Lộ trình học
Tôi muốn biết về Python,Nhu cầu học
Tôi cần lộ trình học tiếng Anh,Lộ trình học
Tôi muốn học vật lý,Nhu cầu học
Cách học tập hiệu quả là gì?,Học tập
Tôi thích hóa học,Sở thích
Mình muốn cải thiện kết quả học tập,Học tập
Cách học tập hiệu quả là gì?,Học tập
Sở thích của tôi là Java,Sở thích
Mình thích vật lý,Sở thích
Cách học tập hiệu quả là gì?,Học tập
Tôi muốn biết về bóng đá,Nhu cầu học
Tôi thích vẽ tranh,Sở thích
Tôi cần lộ trình học vẽ tranh,Lộ trình học
Tôi thích hóa học,Sở thích
Tôi cần học vật lý,Nhu cầu học
Cách học tập hiệu quả là gì?,Học tập
Làm sao để học tốt hơn?,Học tập
Mình muốn cải thiện kết quả học tập,Học tập
Mình thích Python,Sở thích
Mình muốn cải thiện kết quả học tập,Học tập
Lộ trình học phù hợp cho hóa học là gì?,Lộ trình học
Lộ trình học hóa học như thế nào?,Lộ trình học
Tôi muốn biết về tiếng Anh,Nhu cầu học
Mình muốn cải thiện kết quả học tập,Học tập
Làm sao để học tốt hơn?,Học tập
Tôi thích vẽ tranh,Sở thích
Tôi muốn biết về hóa học,Nhu cầu học
Lộ trình học khoa học máy tính như thế nào?,Lộ trình học
Lộ trình học khoa học máy tính như thế nào?,Lộ trình học
Mình muốn cải thiện kết quả học tập,Học tập
Tôi thích khoa học máy tính,Sở thích
Lộ trình học phù hợp cho khoa học máy tính là gì?,Lộ trình học
Tôi cần học Java,Nhu cầu học
Lộ trình học chơi guitar như thế nào?,Lộ trình học
Mình thích thiết kế đồ họa,Sở thích
Lộ trình học bóng đá như thế nào?,Lộ trình học
Cách học tập hiệu quả là gì?,Học tập
Mình muốn cải thiện kết quả học tập,Học tập
Lộ trình học thiết kế đồ họa như thế nào?,Lộ trình học
Làm sao để học tốt hơn?,Học tập
Mình muốn cải thiện kết quả học tập,Học tập
Cách học tập hiệu quả là gì?,Học tập
Tôi thích Java,Sở thích
Mình thích hóa học,Sở thích
Làm sao để học tốt hơn?,Học tập
Tôi muốn biết về lập trình,Nhu cầu học
Mình thích hóa học,Sở thích
Tôi cần lộ trình học khoa học máy tính,Lộ trình học
Tôi cần lộ trình học vật lý,Lộ trình học
Tôi cần lộ trình học thiết kế đồ họa,Lộ trình học
Làm sao để học tốt hơn?,Học tập
Tôi muốn biết về vật lý,Nhu cầu học
Tôi muốn biết về chơi guitar,Nhu cầu học
Mình muốn cải thiện kết quả học tập,Học tập
Tôi muốn học bóng đá,Nhu cầu học
Tôi cần học đọc sách,Nhu cầu học
Sở thích của tôi là vẽ tranh,Sở thích
Sở thích của tôi là tiếng Anh,Sở thích
Làm sao để học tốt hơn?,Học tập
Tôi thích lập trình,Sở thích
Tôi muốn học thiết kế đồ họa,Nhu cầu học
Lộ trình học phù hợp cho đọc sách là gì?,Lộ trình học
Tôi cần lộ trình học đọc sách,Lộ trình học
Tôi muốn học hóa học,Nhu cầu học
Tôi muốn biết về chơi guitar,Nhu cầu học
Mình thích hóa học,Sở thích
Mình muốn cải thiện kết quả học tập,Học tập
Tôi muốn học lập trình,Nhu cầu học
Tôi cần lộ trình học vẽ tranh,Lộ trình học
Mình muốn cải thiện kết quả học tập,Học tập
Lộ trình học phù hợp cho thiết kế đồ họa là gì?,Lộ trình học
Sở thích của tôi là chơi guitar,Sở thích
Tôi cần học đọc sách,Nhu cầu học
Làm sao để học tốt hơn?,Học tập
Lộ trình học thiết kế đồ họa như thế nào?,Lộ trình học
Cách học tập hiệu quả là gì?,Học tập
Tôi cần học chơi guitar,Nhu cầu học
Cách học tập hiệu quả là gì?,Học tập
Sở thích của tôi là lập trình,Sở thích
Tôi thích thiết kế đồ họa,Sở thích
Tôi muốn biết về lập trình,Nhu cầu học
Mình thích đọc sách,Sở thích
Tôi cần lộ trình học chơi guitar,Lộ trình học
Sở thích của tôi là lập trình,Sở thích
Tôi cần học vẽ tranh,Nhu cầu học
Tôi cần học lập trình,Nhu cầu học
Lộ trình học phù hợp cho Java là gì?,Lộ trình học
Tôi muốn biết về chơi guitar,Nhu cầu học
Sở thích của tôi là thiết kế đồ họa,Sở thích
Làm sao để học tốt hơn?,Học tập
Tôi thích hóa học,Sở thích
Tôi cần lộ trình học vẽ tranh,Lộ trình học
Cách học tập hiệu quả là gì?,Học tập
Cách học tập hiệu quả là gì?,Học tập
Lộ trình học Python như thế nào?,Lộ trình học
Tôi cần lộ trình học Python,Lộ trình học
Tôi muốn học Java,Nhu cầu học
Tôi cần lộ trình học Java,Lộ trình học
Lộ trình học phù hợp cho vẽ tranh là gì?,Lộ trình học
Tôi muốn biết về vẽ tranh,Nhu cầu học
Sở thích của tôi là bóng đá,Sở thích
Tôi cần học khoa học máy tính,Nhu cầu học
Lộ trình học Java như thế nào?,Lộ trình học
Tôi thích bóng đá,Sở thích
Tôi cần học vật lý,Nhu cầu học
Lộ trình học đọc sách như thế nào?,Lộ trình học
Cách học tập hiệu quả là gì?,Học tập
Cách học tập hiệu quả là gì?,Học tập
Tôi cần lộ trình học đọc sách,Lộ trình học
Lộ trình học lập trình như thế nào?,Lộ trình học
Lộ trình học phù hợp cho lập trình là gì?,Lộ trình học
Tôi thích vật lý,Sở thích
Cách học tập hiệu quả là gì?,Học tập
Tôi muốn biết về đọc sách,Nhu cầu học
Làm sao để học tốt hơn?,Học tập
Lộ trình học hóa học như thế nào?,Lộ trình học
Sở thích của tôi là chơi guitar,Sở thích
Lộ trình học phù hợp cho đọc sách là gì?,Lộ trình học
Tôi thích vẽ tranh,Sở thích
Lộ trình học phù hợp cho bóng đá là gì?,Lộ trình học
Cách học tập hiệu quả là gì?,Học tập
Sở thích của tôi là hóa học,Sở thích
Mình muốn cải thiện kết quả học tập,Học tập
Tôi muốn học bóng đá,Nhu cầu học
Tôi muốn biết về chơi guitar,Nhu cầu học
Tôi cần lộ trình học Python,Lộ trình học
Tôi muốn biết về bóng đá,Nhu cầu học
Mình thích thiết kế đồ họa,Sở thích
Mình muốn cải thiện kết quả học tập,Học tập
Lộ trình học Java như thế nào?,Lộ trình học
Cách học tập hiệu quả là gì?,Học tập
Tôi thích Java,Sở thích
Tôi muốn biết về đọc sách,Nhu cầu học
Mình thích tiếng Anh,Sở thích
Sở thích của tôi là Python,Sở thích
Lộ trình học phù hợp cho vật lý là gì?,Lộ trình học
Mình muốn cải thiện kết quả học tập,Học tập
Mình thích vật lý,Sở thích
Cách học tập hiệu quả là gì?,Học tập
Tôi muốn học tiếng Anh,Nhu cầu học
Mình muốn cải thiện kết quả học tập,Học tập
Lộ trình học lập trình như thế nào?,Lộ trình học
Lộ trình học phù hợp cho vẽ tranh là gì?,Lộ trình học
Tôi cần học bóng đá,Nhu cầu học
Sở thích của tôi là Python,Sở thích
Lộ trình học tiếng Anh như thế nào?,Lộ trình học
Lộ trình học vẽ tranh như thế nào?,Lộ trình học
Mình thích chơi guitar,Sở thích
Sở thích của tôi là thiết kế đồ họa,Sở thích
Mình muốn cải thiện kết quả học tập,Học tập
Lộ trình học phù hợp cho vật lý là gì?,Lộ trình học
Lộ trình học phù hợp cho bóng đá là gì?,Lộ trình học
Lộ trình học phù hợp cho hóa học là gì?,Lộ trình học
Sở thích của tôi là Java,Sở thích
Tôi muốn học khoa học máy tính,Nhu cầu học
Tôi thích lập trình,Sở thích
Lộ trình học thiết kế đồ họa như thế nào?,Lộ trình học
Tôi cần học khoa học máy tính,Nhu cầu học
Tôi muốn biết về hóa học,Nhu cầu học
Làm sao để học tốt hơn?,Học tập
Làm sao để học tốt hơn?,Học tập
Lộ trình học phù hợp cho vẽ tranh là gì?,Lộ trình học
Lộ trình học bóng đá như thế nào?,Lộ trình học
Tôi cần học Python,Nhu cầu học
Tôi muốn biết về Python,Nhu cầu học
Tôi cần học chơi guitar,Nhu cầu học
Tôi cần học chơi guitar,Nhu cầu học
Tôi muốn biết về Java,Nhu cầu học
Làm sao để học tốt hơn?,Học tập
Tôi thích đọc sách,Sở thích
Tôi thích vật lý,Sở thích
Mình thích chơi guitar,Sở thích
Tôi muốn học lập trình,Nhu cầu học
Lộ trình học lập trình như thế nào?,Lộ trình học
Tôi muốn học vật lý,Nhu cầu học
Tôi muốn biết về đọc sách,Nhu cầu học
Mình muốn cải thiện kết quả học tập,Học tập
Cách học tập hiệu quả là gì?,Học tập
Tôi muốn học bóng đá,Nhu cầu học
Sở thích của tôi là đọc sách,Sở thích
Làm sao để học tốt hơn?,Học tập
Tôi muốn biết về vật lý,Nhu cầu học
Tôi muốn biết về vật lý,Nhu cầu học
Lộ trình học vật lý như thế nào?,Lộ trình học
Tôi cần lộ trình học hóa học,Lộ trình học
Tôi muốn học vẽ tranh,Nhu cầu học
Lộ trình học phù hợp cho Python là gì?,Lộ trình học
Tôi muốn biết về tiếng Anh,Nhu cầu học
Tôi cần học Python,Nhu cầu học
Lộ trình học phù hợp cho hóa học là gì?,Lộ trình học
Làm sao để học tốt hơn?,Học tập
Sở thích của tôi là khoa học máy tính,Sở thích
Tôi cần lộ trình học lập trình,Lộ trình học
Lộ trình học lập trình như thế nào?,Lộ trình học
Mình muốn cải thiện kết quả học tập,Học tập
Mình muốn cải thiện kết quả học tập,Học tập
Cách học tập hiệu quả là gì?,Học tập
Làm sao để học tốt hơn?,Học tập
Mình thích bóng đá,Sở thích
Tôi cần học thiết kế đồ họa,Nhu cầu học
Sở thích của tôi là thiết kế đồ họa,Sở thích
Tôi thích vật lý,Sở thích
Làm sao để học tốt hơn?,Học tập
Lộ trình học vẽ tranh như thế nào?,Lộ trình học
Tôi muốn học thiết kế đồ họa,Nhu cầu học
Mình muốn cải thiện kết quả học tập,Học tập
Cách học tập hiệu quả là gì?,Học tập
Tôi cần học Java,Nhu cầu học
Cách học tập hiệu quả là gì?,Học tập
Tôi cần học khoa học máy tính,Nhu cầu học
Cách học tập hiệu quả là gì?,Học tập
Sở thích của tôi là tiếng Anh,Sở thích
Mình muốn cải thiện kết quả học tập,Học tập
Làm sao để học tốt hơn?,Học tập
Lộ trình học đọc sách như thế nào?,Lộ trình học
Mình muốn cải thiện kết quả học tập,Học tập
Lộ trình học phù hợp cho Python là gì?,Lộ trình học
Cách học tập hiệu quả là gì?,Học tập
Mình thích lập trình,Sở thích
Tôi thích lập trình,Sở thích
Cách học tập hiệu quả là gì?,Học tập
Tôi cần học chơi guitar,Nhu cầu học
Tôi muốn học Python,Nhu cầu học
Tôi muốn biết về vật lý,Nhu cầu học
Tôi cần học vật lý,Nhu cầu học
Mình thích Java,Sở thích
Tôi muốn biết về khoa học máy tính,Nhu cầu học
Tôi muốn học hóa học,Nhu cầu học
Lộ trình học lập trình như thế nào?,Lộ trình học
Sở thích của tôi là vẽ tranh,Sở thích
Mình muốn cải thiện kết quả học tập,Học tập
Làm sao để học tốt hơn?,Học tập
Tôi muốn học lập trình,Nhu cầu học
Lộ trình học đọc sách như thế nào?,Lộ trình học
Tôi muốn biết về Python,Nhu cầu học
Mình thích hóa học,Sở thích
Làm sao để học tốt hơn?,Học tập
Lộ trình học phù hợp cho Python là gì?,Lộ trình học
Làm sao để học tốt hơn?,Học tập
Mình muốn cải thiện kết quả học tập,Học tập
Tôi muốn biết về lập trình,Nhu cầu học
Tôi cần học hóa học,Nhu cầu học
Tôi cần lộ trình học Python,Lộ trình học
Tôi muốn học bóng đá,Nhu cầu học
Tôi cần lộ trình học bóng đá,Lộ trình học
Mình muốn cải thiện kết quả học tập,Học tập
Sở thích của tôi là Python,Sở thích
Mình muốn cải thiện kết quả học tập,Học tập
Tôi muốn biết về Python,Nhu cầu học
Tôi muốn học chơi guitar,Nhu cầu học
Sở thích của tôi là Python,Sở thích
Mình thích khoa học máy tính,Sở thích
Tôi muốn biết về chơi guitar,Nhu cầu học
Tôi cần lộ trình học hóa học,Lộ trình học
Mình muốn cải thiện kết quả học tập,Học tập
Làm sao để học tốt hơn?,Học tập
Cách học tập hiệu quả là gì?,Học tập
Tôi cần lộ trình học bóng đá,Lộ trình học
Tôi cần lộ trình học lập trình,Lộ trình học
Mình thích bóng đá,Sở thích
Mình thích tiếng Anh,Sở thích
Sở thích của tôi là thiết kế đồ họa,Sở thích
Sở thích của tôi là vật lý,Sở thích
Tôi muốn học vật lý,Nhu cầu học
Mình muốn cải thiện kết quả học tập,Học tập
Làm sao để học tốt hơn?,Học tập
Mình thích bóng đá,Sở thích
Làm sao để học tốt hơn?,Học tập
Mình muốn cải thiện kết quả học tập,Học tập
Cách học tập hiệu quả là gì?,Học tập
Tôi muốn biết về chơi guitar,Nhu cầu học
Sở thích của tôi là hóa học,Sở thích
Tôi thích tiếng Anh,Sở thích
Tôi cần lộ trình học Java,Lộ trình học
Mình thích tiếng Anh,Sở thích
Lộ trình học tiếng Anh như thế nào?,Lộ trình học
Cách học tập hiệu quả là gì?,Học tập
Làm sao để học tốt hơn?,Học tập
Tôi muốn biết về Java,Nhu cầu học
Cách học tập hiệu quả là gì?,Học tập
Tôi cần học chơi guitar,Nhu cầu học
Tôi cần lộ trình học vẽ tranh,Lộ trình học
Tôi muốn biết về Python,Nhu cầu học
Tôi cần học đọc sách,Nhu cầu học
Tôi muốn học vẽ tranh,Nhu cầu học
Mình muốn cải thiện kết quả học tập,Học tập
Tôi cần lộ trình học lập trình,Lộ trình học
Cách học tập hiệu quả là gì?,Học tập
Tôi thích Java,Sở thích
Tôi thích Python,Sở thích
Tôi thích bóng đá,Sở thích
Tôi cần học bóng đá,Nhu cầu học
Cách học tập hiệu quả là gì?,Học tập
Sở thích của tôi là đọc sách,Sở thích
Cách học tập hiệu quả là gì?,Học tập
Tôi cần học Python,Nhu cầu học
Tôi muốn biết về Java,Nhu cầu học
Mình muốn cải thiện kết quả học tập,Học tập
Cách học tập hiệu quả là gì?,Học tập
Mình thích vật lý,Sở thích
Tôi muốn học thiết kế đồ họa,Nhu cầu học
Tôi thích bóng đá,Sở thích
Tôi thích khoa học máy tính,Sở thích
Tôi cần lộ trình học lập trình,Lộ trình học
Sở thích của tôi là bóng đá,Sở thích
Mình muốn cải thiện kết quả học tập,Học tập
Mình thích khoa học máy tính,Sở thích
Tôi cần lộ trình học Java,Lộ trình học
Lộ trình học vẽ tranh như thế nào?,Lộ trình học
Cách học tập hiệu quả là gì?,Học tập
Tôi cần lộ trình học vẽ tranh,Lộ trình học
Mình muốn cải thiện kết quả học tập,Học tập
Tôi cần học khoa học máy tính,Nhu cầu học
Lộ trình học chơi guitar như thế nào?,Lộ trình học
Cách học tập hiệu quả là gì?,Học tập
Tôi cần lộ trình học chơi guitar,Lộ trình học
Tôi muốn biết về vật lý,Nhu cầu học
Tôi muốn học hóa học,Nhu cầu học
Tôi cần học Python,Nhu cầu học
Tôi cần lộ trình học khoa học máy tính,Lộ trình học
Cách học tập hiệu quả là gì?,Học tập
Lộ trình học phù hợp cho đọc sách là gì?,Lộ trình học
Tôi thích hóa học,Sở thích
Lộ trình học phù hợp cho thiết kế đồ họa là gì?,Lộ trình học
Sở thích của tôi là lập trình,Sở thích
Sở thích của tôi là chơi guitar,Sở thích
Lộ trình học phù hợp cho khoa học máy tính là gì?,Lộ trình học
Làm sao để học tốt hơn?,Học tập
Tôi muốn học hóa học,Nhu cầu học
Tôi cần học Java,Nhu cầu học
Lộ trình học phù hợp cho Python là gì?,Lộ trình học
Tôi muốn biết về tiếng Anh,Nhu cầu học
Lộ trình học đọc sách như thế nào?,Lộ trình học
Làm sao để học tốt hơn?,Học tập
Cách học tập hiệu quả là gì?,Học tập
Tôi thích đọc sách,Sở thích
Mình thích vật lý,Sở thích
Tôi cần lộ trình học bóng đá,Lộ trình học
Tôi cần lộ trình học tiếng Anh,Lộ trình học
Tôi muốn học khoa học máy tính,Nhu cầu học
Tôi muốn biết về Python,Nhu cầu học
Lộ trình học bóng đá như thế nào?,Lộ trình học
Tôi cần học khoa học máy tính,Nhu cầu học
Tôi cần lộ trình học đọc sách,Lộ trình học
Cách học tập hiệu quả là gì?,Học tập
Tôi thích Java,Sở thích
Mình muốn cải thiện kết quả học tập,Học tập
Cách học tập hiệu quả là gì?,Học tập
Tôi cần lộ trình học lập trình,Lộ trình học
Tôi muốn học tiếng Anh,Nhu cầu học
Lộ trình học vật lý như thế nào?,Lộ trình học
Mình muốn cải thiện kết quả học tập,Học tập
Lộ trình học tiếng Anh như thế nào?,Lộ trình học
Tôi muốn học đọc sách,Nhu cầu học
Làm sao để học tốt hơn?,Học tập
Tôi cần lộ trình học chơi guitar,Lộ trình học
Tôi muốn học vật lý,Nhu cầu học
Làm sao để học tốt hơn?,Học tập
Tôi cần học bóng đá,Nhu cầu học
Tôi cần lộ trình học chơi guitar,Lộ trình học
Mình muốn cải thiện kết quả học tập,Học tập
Tôi cần lộ trình học đọc sách,Lộ trình học
Lộ trình học phù hợp cho chơi guitar là gì?,Lộ trình học
Cách học tập hiệu quả là gì?,Học tập
Tôi cần học đọc sách,Nhu cầu học
Lộ trình học phù hợp cho khoa học máy tính là gì?,Lộ trình học
Tôi cần học thiết kế đồ họa,Nhu cầu học
Sở thích của tôi là bóng đá,Sở thích
Cách học tập hiệu quả là gì?,Học tập
Tôi cần học vật lý,Nhu cầu học
Sở thích của tôi là hóa học,Sở thích
Tôi thích đọc sách,Sở thích
Cách học tập hiệu quả là gì?,Học tập
Lộ trình học chơi guitar như thế nào?,Lộ trình học
Lộ trình học phù hợp cho thiết kế đồ họa là gì?,Lộ trình học
Mình muốn cải thiện kết quả học tập,Học tập
Tôi cần học Java,Nhu cầu học
Lộ trình học phù hợp cho tiếng Anh là gì?,Lộ trình học
Mình muốn cải thiện kết quả học tập,Học tập
Tôi muốn biết về hóa học,Nhu cầu học
Cách học tập hiệu quả là gì?,Học tập
Tôi muốn biết về hóa học,Nhu cầu học
Sở thích của tôi là vật lý,Sở thích
Lộ trình học phù hợp cho đọc sách là gì?,Lộ trình học
Làm sao để học tốt hơn?,Học tập
Sở thích của tôi là vật lý,Sở thích
Sở thích của tôi là lập trình,Sở thích
Mình muốn cải thiện kết quả học tập,Học tập
Lộ trình học phù hợp cho đọc sách là gì?,Lộ trình học
Làm sao để học tốt hơn?,Học tập
Tôi muốn biết về chơi guitar,Nhu cầu học
Mình muốn cải thiện kết quả học tập,Học tập
Mình thích Java,Sở thích
Làm sao để học tốt hơn?,Học tập
Tôi cần học lập trình,Nhu cầu học
Lộ trình học vẽ tranh như thế nào?,Lộ trình học
Cách học tập hiệu quả là gì?,Học tập
Mình thích đọc sách,Sở thích
Cách học tập hiệu quả là gì?,Học tập
Tôi muốn biết về hóa học,Nhu cầu học
Sở thích của tôi là đọc sách,Sở thích
Tôi thích vẽ tranh,Sở thích
Sở thích của tôi là chơi guitar,Sở thích
Lộ trình học phù hợp cho bóng đá là gì?,Lộ trình học
Mình thích khoa học máy tính,Sở thích
Lộ trình học bóng đá như thế nào?,Lộ trình học
Lộ trình học phù hợp cho lập trình là gì?,Lộ trình học
Mình thích Java,Sở thích
Tôi cần học lập trình,Nhu cầu học
Mình thích đọc sách,Sở thích
Tôi cần lộ trình học Java,Lộ trình học
Tôi cần lộ trình học thiết kế đồ họa,Lộ trình học
Làm sao để học tốt hơn?,Học tập
Tôi cần học khoa học máy tính,Nhu cầu học
Tôi thích tiếng Anh,Sở thích
Tôi cần lộ trình học lập trình,Lộ trình học
Mình muốn cải thiện kết quả học tập,Học tập
Lộ trình học bóng đá như thế nào?,Lộ trình học
Cách học tập hiệu quả là gì?,Học tập
Tôi muốn học đọc sách,Nhu cầu học
Sở thích của tôi là khoa học máy tính,Sở thích
Sở thích của tôi là lập trình,Sở thích
Tôi cần lộ trình học chơi guitar,Lộ trình học
Tôi muốn học lập trình,Nhu cầu học
Tôi muốn học Java,Nhu cầu học
Tôi thích lập trình,Sở thích
Tôi thích khoa học máy tính,Sở thích
Mình muốn cải thiện kết quả học tập,Học tập
Lộ trình học hóa học như thế nào?,Lộ trình học
Tôi thích đọc sách,Sở thích
Tôi muốn biết về lập trình,Nhu cầu học
Sở thích của tôi là Python,Sở thích
Sở thích của tôi là vật lý,Sở thích
Tôi thích Java,Sở thích
Tôi muốn biết về lập trình,Nhu cầu học
Mình muốn cải thiện kết quả học tập,Học tập
Cách học tập hiệu quả là gì?,Học tập
Cách học tập hiệu quả là gì?,Học tập
Lộ trình học đọc sách như thế nào?,Lộ trình học
Lộ trình học phù hợp cho lập trình là gì?,Lộ trình học
Lộ trình học phù hợp cho bóng đá là gì?,Lộ trình học
Sở thích của tôi là vật lý,Sở thích
Sở thích của tôi là hóa học,Sở thích
Lộ trình học phù hợp cho lập trình là gì?,Lộ trình học
Cách học tập hiệu quả là gì?,Học tập
Tôi cần lộ trình học lập trình,Lộ trình học
Tôi muốn học khoa học máy tính,Nhu cầu học
Lộ trình học phù hợp cho bóng đá là gì?,Lộ trình học
Mình muốn cải thiện kết quả học tập,Học tập
Lộ trình học phù hợp cho vẽ tranh là gì?,Lộ trình học
Lộ trình học Java như thế nào?,Lộ trình học
Tôi muốn học khoa học máy tính,Nhu cầu học
Tôi thích bóng đá,Sở thích
Mình thích thiết kế đồ họa,Sở thích
Tôi muốn học vật lý,Nhu cầu học
Tôi muốn biết về hóa học,Nhu cầu học
Sở thích của tôi là hóa học,Sở thích
Tôi muốn biết về lập trình,Nhu cầu học
Mình muốn cải thiện kết quả học tập,Học tập
Mình muốn cải thiện kết quả học tập,Học tập
Lộ trình học phù hợp cho vẽ tranh là gì?,Lộ trình học
Tôi cần học Python,Nhu cầu học
Tôi cần lộ trình học vật lý,Lộ trình học
Làm sao để học tốt hơn?,Học tập
Tôi muốn học vẽ tranh,Nhu cầu học
Làm sao để học tốt hơn?,Học tập
Tôi cần học thiết kế đồ họa,Nhu cầu học
Tôi thích Python,Sở thích
Mình thích vẽ tranh,Sở thích
Tôi muốn biết về bóng đá,Nhu cầu học
Mình muốn cải thiện kết quả học tập,Học tập
Tôi muốn học hóa học,Nhu cầu học
Tôi thích Java,Sở thích
Tôi cần lộ trình học bóng đá,Lộ trình học
Mình muốn cải thiện kết quả học tập,Học tập
Tôi thích Java,Sở thích
Tôi muốn học tiếng Anh,Nhu cầu học
Sở thích của tôi là khoa học máy tính,Sở thích
Lộ trình học phù hợp cho vật lý là gì?,Lộ trình học
Mình muốn cải thiện kết quả học tập,Học tập
Cách học tập hiệu quả là gì?,Học tập
Tôi muốn biết về tiếng Anh,Nhu cầu học
Mình thích thiết kế đồ họa,Sở thích
Lộ trình học hóa học như thế nào?,Lộ trình học
Mình thích chơi guitar,Sở thích
Mình thích vật lý,Sở thích
Mình thích thiết kế đồ họa,Sở thích
Mình muốn cải thiện kết quả học tập,Học tập
Lộ trình học vẽ tranh như thế nào?,Lộ trình học
Mình muốn cải thiện kết quả học tập,Học tập
Tôi cần học lập trình,Nhu cầu học
Tôi thích chơi guitar,Sở thích
Tôi thích Java,Sở thích
Mình muốn cải thiện kết quả học tập,Học tập
Cách học tập hiệu quả là gì?,Học tập
Mình thích bóng đá,Sở thích
Sở thích của tôi là tiếng Anh,Sở thích
Mình muốn cải thiện kết quả học tập,Học tập
Lộ trình học phù hợp cho lập trình là gì?,Lộ trình học
Làm sao để học tốt hơn?,Học tập
Tôi muốn biết về lập trình,Nhu cầu học
Tôi muốn học bóng đá,Nhu cầu học
Lộ trình học phù hợp cho tiếng Anh là gì?,Lộ trình học
Tôi muốn biết về đọc sách,Nhu cầu học
Tôi cần học chơi guitar,Nhu cầu học
Mình muốn cải thiện kết quả học tập,Học tập
Tôi muốn biết về vẽ tranh,Nhu cầu học
Tôi muốn biết về Python,Nhu cầu học
Mình muốn cải thiện kết quả học tập,Học tập
Mình muốn cải thiện kết quả học tập,Học tập
Cách học tập hiệu quả là gì?,Học tập
Tôi cần lộ trình học bóng đá,Lộ trình học
Lộ trình học phù hợp cho Python là gì?,Lộ trình học
Lộ trình học phù hợp cho lập trình là gì?,Lộ trình học
Lộ trình học phù hợp cho đọc sách là gì?,Lộ trình học
Tôi thích Java,Sở thích
Tôi muốn học hóa học,Nhu cầu học
Lộ trình học khoa học máy tính như thế nào?,Lộ trình học
Sở thích của tôi là chơi guitar,Sở thích
Mình muốn cải thiện kết quả học tập,Học tập
Lộ trình học phù hợp cho hóa học là gì?,Lộ trình học
Sở thích của tôi là hóa học,Sở thích
Tôi muốn biết về Java,Nhu cầu học
Tôi cần học đọc sách,Nhu cầu học
Mình muốn cải thiện kết quả học tập,Học tập
Tôi cần học tiếng Anh,Nhu cầu học
Tôi cần lộ trình học thiết kế đồ họa,Lộ trình học
Mình thích bóng đá,Sở thích
Làm sao để học tốt hơn?,Học tập
Tôi thích Python,Sở thích
Tôi muốn học đọc sách,Nhu cầu học
Tôi muốn học khoa học máy tính,Nhu cầu học
Mình thích tiếng Anh,Sở thích
Tôi cần lộ trình học Python,Lộ trình học
Tôi cần lộ trình học vật lý,Lộ trình học
Tôi muốn biết về vật lý,Nhu cầu học
Lộ trình học phù hợp cho hóa học là gì?,Lộ trình học
Tôi cần học tiếng Anh,Nhu cầu học
Tôi muốn biết về đọc sách,Nhu cầu học
Cách học tập hiệu quả là gì?,Học tập
Tôi cần lộ trình học tiếng Anh,Lộ trình học
Lộ trình học lập trình như thế nào?,Lộ trình học
Làm sao để học tốt hơn?,Học tập
Cách học tập hiệu quả là gì?,Học tập
Tôi muốn học vật lý,Nhu cầu học
Tôi cần học hóa học,Nhu cầu học
Lộ trình học lập trình như thế nào?,Lộ trình học
Tôi thích bóng đá,Sở thích
Mình muốn cải thiện kết quả học tập,Học tập
Tôi muốn học thiết kế đồ họa,Nhu cầu học
Làm sao để học tốt hơn?,Học tập
Tôi thích đọc sách,Sở thích
Tôi muốn học khoa học máy tính,Nhu cầu học
Tôi thích tiếng Anh,Sở thích
Cách học tập hiệu quả là gì?,Học tập
Lộ trình học phù hợp cho đọc sách là gì?,Lộ trình học
Sở thích của tôi là khoa học máy tính,Sở thích
Làm sao để học tốt hơn?,Học tập
Mình muốn cải thiện kết quả học tập,Học tập
Lộ trình học phù hợp cho chơi guitar là gì?,Lộ trình học
Mình thích hóa học,Sở thích
Lộ trình học Java như thế nào?,Lộ trình học
Sở thích của tôi là tiếng Anh,Sở thích
Tôi muốn học tiếng Anh,Nhu cầu học
Lộ trình học phù hợp cho chơi guitar là gì?,Lộ trình học
Làm sao để học tốt hơn?,Học tập
Tôi cần lộ trình học Java,Lộ trình học
Tôi thích tiếng Anh,Sở thích
Tôi cần học khoa học máy tính,Nhu cầu học
Tôi cần lộ trình học vật lý,Lộ trình học
Cách học tập hiệu quả là gì?,Học tập
Tôi muốn biết về vẽ tranh,Nhu cầu học
Tôi cần lộ trình học Python,Lộ trình học
Tôi muốn học bóng đá,Nhu cầu học
Tôi muốn học vật lý,Nhu cầu học
Tôi muốn biết về chơi guitar,Nhu cầu học
Lộ trình học Python như thế nào?,Lộ trình học
Mình muốn cải thiện kết quả học tập,Học tập
Lộ trình học phù hợp cho hóa học là gì?,Lộ trình học
Tôi muốn học Python,Nhu cầu học
Mình thích hóa học,Sở thích
Tôi muốn học bóng đá,Nhu cầu học
Cách học tập hiệu quả là gì?,Học tập
Tôi muốn học vật lý,Nhu cầu học
Lộ trình học Python như thế nào?,Lộ trình học
Lộ trình học phù hợp cho thiết kế đồ họa là gì?,Lộ trình học
Lộ trình học thiết kế đồ họa như thế nào?,Lộ trình học
